OMS,ChatGPT 4.0,ChatGPT Vision,ScholarGPT,Gemini,Llama3,Bing AI (Copilot),Google Palm,Claude,ReKa Core,Solar Mini,Média
58.0,42.0,57.0,70.0,45.0,46.0,70.0,70.0,99.0,121.0,65.0,67.54545454545455
106.0,127.0,87.0,189.0,45.0,42.0,192.0,121.0,128.0,306.0,230.0,143.0
50.0,115.0,89.0,163.0,306.0,49.0,178.0,85.0,111.0,250.0,70.0,133.27272727272728
58.0,145.0,148.0,197.0,248.0,50.0,96.0,274.0,166.0,364.0,94.0,167.27272727272728
134.0,126.0,157.0,236.0,205.0,74.0,367.0,225.0,141.0,413.0,202.0,207.27272727272728
205.0,227.0,246.0,298.0,380.0,102.0,211.0,453.0,140.0,481.0,375.0,283.45454545454544
198.0,273.0,327.0,355.0,175.0,70.0,205.0,435.0,160.0,437.0,270.0,264.09090909090907
58.0,267.0,317.0,313.0,113.0,74.0,96.0,300.0,176.0,398.0,213.0,211.36363636363637
867.0,1322.0,1428.0,1821.0,1517.0,507.0,1415.0,1963.0,1121.0,2770.0,1519.0,1477.2727272727275
