OMS,ChatGPT 4.0,ChatGPT Vision,ScholarGPT,Gemini,Llama3,Bing AI (Copilot),Google Palm,Claude,ReKa Core,Solar Mini,Média
51.0,35.0,46.0,60.0,37.0,38.0,60.0,61.0,80.0,106.0,54.0,57.09090909090909
97.0,102.0,67.0,152.0,37.0,37.0,157.0,110.0,116.0,255.0,197.0,120.63636363636364
44.0,89.0,59.0,126.0,252.0,36.0,137.0,74.0,97.0,192.0,61.0,106.0909090909091
49.0,120.0,116.0,163.0,210.0,45.0,81.0,235.0,148.0,317.0,84.0,142.54545454545453
124.0,101.0,123.0,189.0,171.0,59.0,309.0,190.0,129.0,352.0,175.0,174.72727272727272
180.0,167.0,177.0,222.0,310.0,71.0,173.0,373.0,126.0,390.0,314.0,227.54545454545453
176.0,216.0,266.0,294.0,153.0,66.0,173.0,386.0,150.0,375.0,243.0,227.0909090909091
54.0,222.0,266.0,263.0,102.0,63.0,86.0,264.0,161.0,334.0,185.0,181.8181818181818
775.0,1052.0,1120.0,1469.0,1272.0,415.0,1176.0,1693.0,1007.0,2321.0,1313.0,1237.5454545454545
